{"cameraMode":{"drawMode":0,"name":"Shaded","section":"Shading Mode"},"sceneLighting":true,"audioPlay":false,"sceneViewState":{"showFog":true,"showMaterialUpdate":false,"showSkybox":true,"showFlares":true,"showImageEffects":true,"showParticleSystems":true},"in2DMode":false,"pivot":{"x":-15.312458038330079,"y":-3.5138354301452638,"z":-10.119213104248047},"rotation":{"x":-0.10081987828016281,"y":0.7188918590545654,"z":-0.10667242854833603,"w":-0.6794490218162537},"size":19.161645889282228,"orthographic":false}